ProposalNumber,ProjectTitle,MaxMonthly,NearestStation,ApplicationTarget,ApplicationEndDate,ProjectOverview
P000509,ALMシステムの保守・開発,〜70万円,中野(東京都),法人・個人,2019/9/30,"java開発経験 SQL(Oracle),C#あればベッター,基本設計の経験"
P000510,salesforce要員募集(上流SE),〜71万円,中野(東京都),法人・個人,2019/10/1,"java開発経験 SQL(Oracle),C#あればベッター,基本設計の経験"
P000511,ALMシステムの保守・開発,〜72万円,中野(東京都),法人・個人,2019/10/2,"java開発経験 SQL(Oracle),C#あればベッター,基本設計の経験"
P000512,?ATM中継更改システム,〜73万円,中野(東京都),法人・個人,2019/10/3,"java開発経験 SQL(Oracle),C#あればベッター,基本設計の経験"
P000513,ALMシステムの保守・開発,〜74万円,中野(東京都),法人・個人,2019/10/4,"java開発経験 SQL(Oracle),C#あればベッター,基本設計の経験"
P000514,"急募：ATM情報系システム(C#,Azure)",〜75万円,中野(東京都),法人・個人,2019/10/5,"java開発経験 SQL(Oracle),C#あればベッター,基本設計の経験"
P000515,ALMシステムの保守・開発,〜76万円,中野(東京都),法人・個人,2019/10/6,"java開発経験 SQL(Oracle),C#あればベッター,基本設計の経験"
P000516,高単価急募：salesforce1年以上経験者,〜77万円,中野(東京都),法人・個人,2019/10/7,"java開発経験 SQL(Oracle),C#あればベッター,基本設計の経験"
P000517,ALMシステムの保守・開発,〜78万円,中野(東京都),法人・個人,2019/10/8,"java開発経験 SQL(Oracle),C#あればベッター,基本設計の経験"
P000518,ALMシステムの保守・開発,〜79万円,中野(東京都),法人・個人,2019/10/9,"java開発経験 SQL(Oracle),C#あればベッター,基本設計の経験"
P000519,ALMシステムの保守・開発,〜80万円,中野(東京都),法人・個人,2019/10/10,"java開発経験 SQL(Oracle),C#あればベッター,基本設計の経験"
P000520,ALMシステムの保守・開発,〜81万円,中野(東京都),法人・個人,2019/10/11,"java開発経験 SQL(Oracle),C#あればベッター,基本設計の経験"
P000521,ALMシステムの保守・開発,〜82万円,中野(東京都),法人・個人,2019/10/12,"java開発経験 SQL(Oracle),C#あればベッター,基本設計の経験"
P000522,ALMシステムの保守・開発,〜83万円,中野(東京都),法人・個人,2019/10/13,"java開発経験 SQL(Oracle),C#あればベッター,基本設計の経験"
P000523,ALMシステムの保守・開発,〜84万円,中野(東京都),法人・個人,2019/10/14,"java開発経験 SQL(Oracle),C#あればベッター,基本設計の経験"
P000524,ALMシステムの保守・開発,〜85万円,中野(東京都),法人・個人,2019/10/15,"java開発経験 SQL(Oracle),C#あればベッター,基本設計の経験"
P000525,ALMシステムの保守・開発,〜86万円,中野(東京都),法人・個人,2019/10/16,"java開発経験 SQL(Oracle),C#あればベッター,基本設計の経験"
P000526,ALMシステムの保守・開発,〜87万円,中野(東京都),法人・個人,2019/10/17,"java開発経験 SQL(Oracle),C#あればベッター,基本設計の経験"
P000527,ALMシステムの保守・開発,〜88万円,中野(東京都),法人・個人,2019/10/18,"java開発経験 SQL(Oracle),C#あればベッター,基本設計の経験"
P000528,ALMシステムの保守・開発,〜89万円,中野(東京都),法人・個人,2019/10/19,"java開発経験 SQL(Oracle),C#あればベッター,基本設計の経験"
P000529,ALMシステムの保守・開発,〜90万円,中野(東京都),法人・個人,2019/10/20,"java開発経験 SQL(Oracle),C#あればベッター,基本設計の経験"
P000530,ALMシステムの保守・開発,〜91万円,中野(東京都),法人・個人,2019/10/21,"java開発経験 SQL(Oracle),C#あればベッター,基本設計の経験"
P000531,ALMシステムの保守・開発,〜92万円,中野(東京都),法人・個人,2019/10/22,"java開発経験 SQL(Oracle),C#あればベッター,基本設計の経験"
P000532,ALMシステムの保守・開発,〜93万円,中野(東京都),法人・個人,2019/10/23,"java開発経験 SQL(Oracle),C#あればベッター,基本設計の経験"
P000533,ALMシステムの保守・開発,〜94万円,中野(東京都),法人・個人,2019/10/24,"java開発経験 SQL(Oracle),C#あればベッター,基本設計の経験"
P000534,ALMシステムの保守・開発,〜95万円,中野(東京都),法人・個人,2019/10/25,"java開発経験 SQL(Oracle),C#あればベッター,基本設計の経験"
P000535,ALMシステムの保守・開発,〜96万円,中野(東京都),法人・個人,2019/10/26,"java開発経験 SQL(Oracle),C#あればベッター,基本設計の経験"
P000536,ALMシステムの保守・開発,〜97万円,中野(東京都),法人・個人,2019/10/27,"java開発経験 SQL(Oracle),C#あればベッター,基本設計の経験"
P000537,ALMシステムの保守・開発,〜98万円,中野(東京都),法人・個人,2019/10/28,"java開発経験 SQL(Oracle),C#あればベッター,基本設計の経験"
P000538,ALMシステムの保守・開発,〜99万円,中野(東京都),法人・個人,2019/10/29,"java開発経験 SQL(Oracle),C#あればベッター,基本設計の経験"
P000539,ALMシステムの保守・開発,〜100万円,中野(東京都),法人・個人,2019/10/30,"java開発経験 SQL(Oracle),C#あればベッター,基本設計の経験"
P000540,ALMシステムの保守・開発,〜101万円,中野(東京都),法人・個人,2019/10/31,"java開発経験 SQL(Oracle),C#あればベッター,基本設計の経験"
